[
    {
        "charges":[
            {
                "charge": 48891891,
                "invoice": 500431826,
                "duedate": "11/10/2017",
                "description": "CONTRACT PAYMENT",
                "delinquecy": "Current",
                "totalinvoiced": "7.55",
                "cashrecord": "7.55",
                "manualadi": "0.00",
                "totaldue": "0.00",
                "asspaymenthistories":[
                    {
                        "trans": 44762643,
                        "type": "Override",
                        "check": 5434,
                        "memo": "",
                        "duedate": "11/10/2017",
                        "daterecord": "10/30/2017",
                        "amountrecord": "7..55",
                        "rentrecived": "7.00"
                    }
                ],
                "chargelist":[
                    {
                        "desc": "CONTRACT PAYMENT",
                        "totalinvoiced": "7.00",
                        "cashrecord": "0.42",
                        "manualadi": "0.00",
                        "totaldue": "0.00",
                        "daterecord": "10/30/2017",
                        "actmethod": "cash",
                        "miscfeecharge": "",
                        "transnumber": 44762643,
                        "paymentmemo": ""
                    },
                    {
                        "desc": "STATE TAX",
                        "totalinvoiced": "0.42",
                        "cashrecord": "0.42",
                        "manualadi": "0.00",
                        "totaldue": "0.00",
                        "daterecord": "10/30/2017",
                        "actmethod": "",
                        "miscfeecharge": "",
                        "transnumber": 44762643,
                        "paymentmemo": ""
                    },
                    {
                        "desc": "COUNTY TAX",
                        "totalinvoiced": "0.09",
                        "cashrecord": "0.09",
                        "manualadi": "0.00",
                        "totaldue": "0.00",
                        "daterecord": "10/30/2017",
                        "actmethod": "",
                        "miscfeecharge": "",
                        "transnumber": 44762643,
                        "paymentmemo": ""
                    },
                    {
                        "desc": "COUNTY TRANS TA",
                        "totalinvoiced": "0.04",
                        "cashrecord": "0.04",
                        "manualadi": "0.00",
                        "totaldue": "0.00",
                        "daterecord": "10/30/2017",
                        "actmethod": "",
                        "miscfeecharge": "",
                        "transnumber": 44762643,
                        "paymentmemo": ""
                    }
                ]
            },
            {
                "charge": 48483472,
                "invoice": 5004240624,
                "duedate": "10/10/2017",
                "description": "CONTRACT PAYMENT",
                "delinquecy": "Past 1",
                "totalinvoiced": "7.55",
                "cashrecord": "7.55",
                "manualadi": "0.00",
                "totaldue": "0.00",
                "asspaymenthistories":[
                    {
                        "trans": 44762643,
                        "type": "Override",
                        "check": 5434,
                        "memo": "",
                        "duedate": "11/10/2017",
                        "daterecord": "10/30/2017",
                        "amountrecord": "7..55",
                        "rentrecived": "7.00"
                    }
                ],
                "chargelist":[
                    {
                        "desc": "CONTRACT PAYMENT",
                        "totalinvoiced": "7.00",
                        "cashrecord": "0.42",
                        "manualadi": "0.00",
                        "totaldue": "0.00",
                        "daterecord": "10/30/2017",
                        "actmethod": "cash",
                        "miscfeecharge": "",
                        "transnumber": 44762643,
                        "paymentmemo": ""
                    },
                    {
                        "desc": "STATE TAX",
                        "totalinvoiced": "0.42",
                        "cashrecord": "0.42",
                        "manualadi": "0.00",
                        "totaldue": "0.00",
                        "daterecord": "10/30/2017",
                        "actmethod": "",
                        "miscfeecharge": "",
                        "transnumber": 44762643,
                        "paymentmemo": ""
                    },
                    {
                        "desc": "COUNTY TAX",
                        "totalinvoiced": "0.09",
                        "cashrecord": "0.09",
                        "manualadi": "0.00",
                        "totaldue": "0.00",
                        "daterecord": "10/30/2017",
                        "actmethod": "",
                        "miscfeecharge": "",
                        "transnumber": 44762643,
                        "paymentmemo": ""
                    },
                    {
                        "desc": "COUNTY TRANS TA",
                        "totalinvoiced": "0.04",
                        "cashrecord": "0.04",
                        "manualadi": "0.00",
                        "totaldue": "0.00",
                        "daterecord": "10/30/2017",
                        "actmethod": "",
                        "miscfeecharge": "",
                        "transnumber": 44762643,
                        "paymentmemo": ""
                    }
                ]
            },
            {
                "charge": 48062399,
                "invoice": 5004167392,
                "duedate": "9/10/2017",
                "description": "CONTRACT PAYMENT",
                "delinquecy": "Past 1",
                "totalinvoiced": "7.55",
                "cashrecord": "7.55",
                "manualadi": "0.00",
                "totaldue": "0.00",
                "asspaymenthistories":[
                    {
                        "trans": 44762643,
                        "type": "Override",
                        "check": 5434,
                        "memo": "",
                        "duedate": "11/10/2017",
                        "daterecord": "10/30/2017",
                        "amountrecord": "7..55",
                        "rentrecived": "7.00"
                    }
                ],
                "chargelist":[
                    {
                        "desc": "CONTRACT PAYMENT",
                        "totalinvoiced": "7.00",
                        "cashrecord": "0.42",
                        "manualadi": "0.00",
                        "totaldue": "0.00",
                        "daterecord": "10/30/2017",
                        "actmethod": "cash",
                        "miscfeecharge": "",
                        "transnumber": 44762643,
                        "paymentmemo": ""
                    },
                    {
                        "desc": "STATE TAX",
                        "totalinvoiced": "0.42",
                        "cashrecord": "0.42",
                        "manualadi": "0.00",
                        "totaldue": "0.00",
                        "daterecord": "10/30/2017",
                        "actmethod": "",
                        "miscfeecharge": "",
                        "transnumber": 44762643,
                        "paymentmemo": ""
                    },
                    {
                        "desc": "COUNTY TAX",
                        "totalinvoiced": "0.09",
                        "cashrecord": "0.09",
                        "manualadi": "0.00",
                        "totaldue": "0.00",
                        "daterecord": "10/30/2017",
                        "actmethod": "",
                        "miscfeecharge": "",
                        "transnumber": 44762643,
                        "paymentmemo": ""
                    },
                    {
                        "desc": "COUNTY TRANS TA",
                        "totalinvoiced": "0.04",
                        "cashrecord": "0.04",
                        "manualadi": "0.00",
                        "totaldue": "0.00",
                        "daterecord": "10/30/2017",
                        "actmethod": "",
                        "miscfeecharge": "",
                        "transnumber": 44762643,
                        "paymentmemo": ""
                    }
                ]
            },
            {
                "charge": 47627765,
                "invoice": 5004093326,
                "duedate": "8/10/2017",
                "description": "CONTRACT PAYMENT",
                "delinquecy": "Past 1",
                "totalinvoiced": "7.55",
                "cashrecord": "7.55",
                "manualadi": "0.00",
                "totaldue": "0.00",
                "asspaymenthistories":[
                    {
                        "trans": 44762643,
                        "type": "Override",
                        "check": 5434,
                        "memo": "",
                        "duedate": "11/10/2017",
                        "daterecord": "10/30/2017",
                        "amountrecord": "7..55",
                        "rentrecived": "7.00"
                    }
                ],
                "chargelist":[
                    {
                        "desc": "CONTRACT PAYMENT",
                        "totalinvoiced": "7.00",
                        "cashrecord": "0.42",
                        "manualadi": "0.00",
                        "totaldue": "0.00",
                        "daterecord": "10/30/2017",
                        "actmethod": "cash",
                        "miscfeecharge": "",
                        "transnumber": 44762643,
                        "paymentmemo": ""
                    },
                    {
                        "desc": "STATE TAX",
                        "totalinvoiced": "0.42",
                        "cashrecord": "0.42",
                        "manualadi": "0.00",
                        "totaldue": "0.00",
                        "daterecord": "10/30/2017",
                        "actmethod": "",
                        "miscfeecharge": "",
                        "transnumber": 44762643,
                        "paymentmemo": ""
                    },
                    {
                        "desc": "COUNTY TAX",
                        "totalinvoiced": "0.09",
                        "cashrecord": "0.09",
                        "manualadi": "0.00",
                        "totaldue": "0.00",
                        "daterecord": "10/30/2017",
                        "actmethod": "",
                        "miscfeecharge": "",
                        "transnumber": 44762643,
                        "paymentmemo": ""
                    },
                    {
                        "desc": "COUNTY TRANS TA",
                        "totalinvoiced": "0.04",
                        "cashrecord": "0.04",
                        "manualadi": "0.00",
                        "totaldue": "0.00",
                        "daterecord": "10/30/2017",
                        "actmethod": "",
                        "miscfeecharge": "",
                        "transnumber": 44762643,
                        "paymentmemo": ""
                    }
                ]
            },
            {
                "charge": 47228797,
                "invoice": 5004023274,
                "duedate": "7/10/2017",
                "description": "CONTRACT PAYMENT",
                "delinquecy": "Current",
                "totalinvoiced": "7.55",
                "cashrecord": "7.55",
                "manualadi": "0.00",
                "totaldue": "0.00",
                "asspaymenthistories":[
                    {
                        "trans": 44762643,
                        "type": "Override",
                        "check": 5434,
                        "memo": "",
                        "duedate": "11/10/2017",
                        "daterecord": "10/30/2017",
                        "amountrecord": "7.55",
                        "rentrecived": "7.00"
                    }
                ],
                "chargelist":[
                    {
                        "desc": "CONTRACT PAYMENT",
                        "totalinvoiced": "7.00",
                        "cashrecord": "0.42",
                        "manualadi": "0.00",
                        "totaldue": "0.00",
                        "daterecord": "10/30/2017",
                        "actmethod": "cash",
                        "miscfeecharge": "",
                        "transnumber": 44762643,
                        "paymentmemo": ""
                    },
                    {
                        "desc": "STATE TAX",
                        "totalinvoiced": "0.42",
                        "cashrecord": "0.42",
                        "manualadi": "0.00",
                        "totaldue": "0.00",
                        "daterecord": "10/30/2017",
                        "actmethod": "",
                        "miscfeecharge": "",
                        "transnumber": 44762643,
                        "paymentmemo": ""
                    },
                    {
                        "desc": "COUNTY TAX",
                        "totalinvoiced": "0.09",
                        "cashrecord": "0.09",
                        "manualadi": "0.00",
                        "totaldue": "0.00",
                        "daterecord": "10/30/2017",
                        "actmethod": "",
                        "miscfeecharge": "",
                        "transnumber": 44762643,
                        "paymentmemo": ""
                    },
                    {
                        "desc": "COUNTY TRANS TA",
                        "totalinvoiced": "0.04",
                        "cashrecord": "0.04",
                        "manualadi": "0.00",
                        "totaldue": "0.00",
                        "daterecord": "10/30/2017",
                        "actmethod": "",
                        "miscfeecharge": "",
                        "transnumber": 44762643,
                        "paymentmemo": ""
                    }
                ]
            }
        ]
    }
]